Network_Network,mae,p_uncorrected,p_corrected
Sal and Sal,0.677427243472011,0.283199999999981,0.283199999999981
