Row,rank_from_1_sample_d,n_comp,mae,p_uncorrected,R_alt,p_uncorrected_R
Sal and VeA,1,1,0.752581896175258,0.632299999999968,-0.190156934475802,0.263082761218538
VeA and VeA,2,1,0.660537376927119,0.248499999999985,0.00719005066126406,0.489817855705453
Sal and Sal,3,1,0.677427243472011,0.281699999999981,0.0380762814101748,0.448069882481918
