Row,min_mae,min_comp,d,out_for_xval,n_comp_2_samples,mae_2_samples,p_uncorrected_mae_2_samples,R_alt,p_uncorrected_R,rank_from_1_sample_mae,rank_from_1_sample_d,rank_from_2_samples_mae,rank_from_2_samples_p
Sal and VeA,0.715673749453594,1,0.42174964344094,3,1,0.752581896175258,0.632299999999968,-0.190156934475802,0.263082761218538,1,1,3,3
VeA and VeA,0.809601775996497,1,0.137387280086442,3,1,0.660537376927119,0.248499999999985,0.00719005066126406,0.489817855705453,2,2,1,1
Sal and Sal,0.87892036073939,1,-0.0587092177778492,3,1,0.677427243472011,0.281699999999981,0.0380762814101748,0.448069882481918,3,3,2,2
