Row,min_mae,min_comp,d,comp_1,comp_2,comp_3,comp_4,comp_5,comp_6,comp_7,comp_8,comp_9,comp_10,comp_11,comp_12
VeA and VeA,0.79036649324419,1,0.169720013072551,0.79036649324419,0.825875419360608,0.847957591543125,0.857375620100862,0.859021815599286,0.860814656233528,0.861435633463422,0.861984687118745,0.862052573274221,0.862152626307751,0.862213784729223,0.862246861206908
Sal and Sal,0.795087013030418,1,0.113946633712841,0.795087013030418,0.893052006513548,0.92361219883254,0.924230006405894,0.922584214451467,NaN,NaN,NaN,NaN,NaN,NaN,NaN
Sal and VeA,0.886569648992787,1,-0.0187587559087014,0.886569648992787,0.994811457925781,1.06143740720924,1.0620356614659,1.0452538902835,1.02857129192875,1.0179832967511,1.01224752284024,1.01266735402725,1.01359067595584,1.01314651425907,1.01285243436249
