Network_Network,mse,p_uncorrected,p_corrected
Sal and Sal,0.709325324615448,0.37939999999997,0.37939999999997
