Network_Network,R,p_uncorrected,p_corrected
VeA and VeA,0.00719005066126406,0.487500000000042,0.487500000000042
