Network_Network,R_alt,R_null,p_uncorrected,p_corrected
VeA and VeA,0.00719005066126406,6.30649146437681e-05,0.490571071369818,0.490571071369818
