Row,min_mae,min_comp,d,comp_1,comp_2,comp_3
Sal and VeA,0.715673749453594,1,0.406542400973141,0.715673749453594,0.740154279838039,0.780416910640907
VeA and VeA,0.809601775996497,1,0.11611471677624,0.809601775996497,0.826674100782312,0.855989653008688
Sal and Sal,0.87892036073939,1,-0.0661158120717562,0.87892036073939,0.948049802146435,0.967371486870562
