Network_Network,mae,p_uncorrected,p_corrected
Sal and VeA,0.752581896175258,0.629599999999967,0.629599999999967
