Network_Network,R_alt,R_null,p_uncorrected,p_corrected
Sal and VeA,-0.190156934475802,0.000691611742633348,0.26085267516985,0.26085267516985
