Network_Network,R,p_uncorrected,p_corrected
Sal and Sal,0.0380762814101748,0.425200000000037,0.425200000000037
