Network_Network,mse,p_uncorrected,p_corrected
Sal and VeA,0.845253641080988,0.68849999999997,0.68849999999997
