subgroup,R,G,B
BF,0.850980392,0.37254902,0.007843137
SF,0.458823529,0.439215686,0.701960784
UF,0.4039,0.6627,0.8118
