Network_Network,mse,p_uncorrected,p_corrected
VeA and VeA,0.771381640503642,0.426299999999965,0.426299999999965
