Networks,Mean,StdErr,Lower,Upper
Lmb and Lmb,0.00698420453968332,0.00132297956593481,0.00393340818984703,0.0100350008895196
Lmb and SoM,-0.0083241658657034,0.000563722844529672,-0.00962411307629788,-0.00702421865510893
Lmb and Vis,-0.010873751133074,0.000593537314383935,-0.0122424506344413,-0.00950505163170668
SoM and SoM,0.000451358360189013,0.00135456780145508,-0.00267228059138082,0.00357499731175885
SoM and Vis,-0.0134041541483931,0.0013220057069201,-0.0164527047753144,-0.0103556035214719
Vis and Vis,0.00170821105065442,0.00195077407457938,-0.0027902820321747,0.00620670413348355
