Diet,Mean,StdErr,Lower,Upper
BF,-0.00484170746824427,0.00140158061548918,-0.00807375816338433,-0.00160965677310422
SF,-0.00458811213403954,0.00140158061548918,-0.00782016282917959,-0.00135606143889949
UF,-0.00605064194868543,0.00140158061548918,-0.00928269264382548,-0.00281859125354538
XF,-0.00743242497858334,0.00140158061548918,-0.0106644756737234,-0.00420037428344329
