subgroup,R,G,B
Control,0.105882353,0.619607843,0.466666667
sub-threshold,0,0,0
ADHD,0.458823529,0.439215686,0.701960784
not clean,0.905882353,0.160784314,0.541176471
