subgroup,R,G,B
ctrl,0.874509804,0.639215686,0.788235294
case,0.631372549,0.843137255,0.415686275
06m,0.992156863,0.552941176,0.235294118
12m,0.988235294,0.305882353,0.164705882
24m,0.890196078,0.101960784,0.109803922
36m,0.694117647,0,0.149019608
