Network_Network,R_alt,R_null,p_uncorrected,p_corrected
Sal and Sal,0.0380762814101748,0.00222875190688486,0.45265780033802,0.45265780033802
