Network_Network,mae,p_uncorrected,p_corrected
VeA and VeA,0.660537376927119,0.250399999999984,0.250399999999984
