subgroup,R,G,B
Fr,0.850980392,0.37254902,0.007843137
NF,0.458823529,0.439215686,0.701960784
M,0.4039,0.6627,0.8118
F,0.6824,0.0039,0.4941
