Network_Network,R,p_uncorrected,p_corrected
Sal and VeA,-0.190156934475802,0.796100000000011,0.796100000000011
